{"X": [[0.7683498199278327, -2.305049459783498], [0.7683498199278327, -2.2423270255036747], [0.7683498199278327, -2.1796045912238515], [0.7683498199278327, -2.1168821569440284], [0.7683498199278327, -2.054159722664205], [0.7683498199278327, -1.991437288384382], [0.7683498199278327, -1.928714854104559], [0.7683498199278327, -1.8659924198247364], [0.7683498199278327, -1.8032699855449132], [0.7683498199278327, -1.74054755126509], [0.7683498199278327, -1.677825116985267], [0.7683498199278327, -1.6151026827054438], [0.7683498199278327, -1.5523802484256208], [0.7683498199278327, -1.4896578141457977], [0.7683498199278327, -1.4269353798659747], [0.7683498199278327, -1.3642129455861516], [0.7683498199278327, -1.3014905113063284], [0.7683498199278327, -1.2387680770265055], [0.7683498199278327, -1.1760456427466823], [0.7683498199278327, -1.1133232084668594], [0.7683498199278327, -1.0506007741870362], [0.7683498199278327, -0.9878783399072132], [0.7683498199278327, -0.9251559056273903], [0.7683498199278327, -0.8624334713475671], [0.7683498199278327, -0.7997110370677439], [0.7683498199278327, -0.7369886027879209], [0.7683498199278327, -0.674266168508098], [0.7683498199278327, -0.6115437342282749], [0.7683498199278327, -0.5488212999484517], [0.7683498199278327, -0.48609886566862864], [0.7683498199278327, -0.42337643138880576], [0.7683498199278327, -0.3606539971089827], [0.7683498199278327, -0.29793156282915956], [0.7683498199278327, -0.23520912854933643], [0.7683498199278327, -0.17248669426951338], [0.7683498199278327, -0.1097642599896904], [0.7683498199278327, -0.047041825709867355], [0.7683498199278327, 0.015680608569955783], [0.7683498199278327, 0.07840304284977892], [0.7683498199278327, 0.14112547712960172], [0.7683498199278327, 0.20384791140942485], [0.7683498199278327, 0.266570345689248], [0.7683498199278327, 0.32929277996907114], [0.7683498199278327, 0.39201521424889424], [0.7683498199278327, 0.45473764852871706], [0.7683498199278327, 0.5174600828085402], [0.7683498199278327, 0.5801825170883633], [0.7683498199278327, 0.6429049513681865], [0.7683498199278327, 0.7056273856480096], [0.7683498199278327, 0.7683498199278327]], "Y": [[-0.4014771561379955], [-0.2401540577540702], [-0.36294275389264846], [-0.9205849481256759], [-0.5905712849231759], [-0.7972510026329523], [-0.7797384013744453], [-0.6653183604065821], [-0.6844140957458885], [-0.4101374261719112], [-0.4991844168482032], [-0.5791284504435331], [-0.48686112755608774], [-0.47862391396364984], [-0.24462669270548779], [-0.5387039664353892], [-0.4333725553393654], [-0.6390581322228714], [-0.9425254041723323], [-0.34809435630136054], [-0.29389253152345257], [-0.560769200466153], [0.029889484032054648], [-0.5904238408169338], [-0.23588184195043752], [-0.1740549134611212], [0.26871575072206466], [0.4101351868434588], [0.34540844422846945], [0.5798835452952462], [0.5559681429579935], [0.5702484805358816], [1.080507343054875], [1.3740175767408709], [1.7506253646092003], [1.894747057430969], [1.7119253863640733], [1.7828032107488614], [1.6410012042859525], [1.4990901010667055], [1.2986633694007998], [1.7406793463210144], [0.9886840464467687], [0.623935059192939], [0.028578156193669983], [-0.10709297715952919], [-1.0966398417273875], [-1.4252520533094397], [-2.146898030756743], [-2.501832522147025]]}